 numeric code,Location,Sex,Note,2000,2005,2010,2015,2020
900,World,Both sexes combined,,  6 145 006.989,  6 542 159.383,  6 958 169.159,  7 383 008.820,  7 795 482.309
900,World,Female,,  3 052 010.872,  3 246 037.789,  3 449 929.767,  3 658 876.550,  3 862 706.137
900,World,Male,,  3 092 996.208,  3 296 121.711,  3 508 239.442,  3 724 132.110,  3 932 776.019
901,   More developed regions,Both sexes combined,a,  1 190 504.735,  1 210 545.530,  1 235 142.506,  1 253 206.546,  1 269 276.846
901,   More developed regions,Female,a,   611 686.181,   621 663.240,   634 068.092,   642 693.119,   650 101.768
901,   More developed regions,Male,a,   578 818.569,   588 882.367,   601 074.447,   610 513.364,   619 175.098
902,   Less developed regions,Both sexes combined,b,  4 954 502.254,  5 331 613.853,  5 723 026.653,  6 129 802.274,  6 526 205.463
902,   Less developed regions,Female,b,  2 440 324.691,  2 624 374.549,  2 815 861.675,  3 016 183.431,  3 212 604.369
902,   Less developed regions,Male,b,  2 514 177.639,  2 707 239.344,  2 907 164.995,  3 113 618.746,  3 313 600.921
941,      Least developed countries,Both sexes combined,c,   664 804.763,   754 118.072,   848 791.962,   956 631.108,  1 073 984.277
941,      Least developed countries,Female,c,   333 366.000,   378 041.712,   426 169.414,   480 044.441,   538 680.111
941,      Least developed countries,Male,c,   331 438.772,   376 076.325,   422 622.596,   476 586.671,   535 304.148
934,"      Less developed regions, excluding least developed countries",Both sexes combined,d,  4 289 697.491,  4 577 495.781,  4 874 234.691,  5 173 171.166,  5 452 221.186
934,"      Less developed regions, excluding least developed countries",Female,d,  2 106 958.691,  2 246 332.837,  2 389 692.261,  2 536 138.990,  2 673 924.258
934,"      Less developed regions, excluding least developed countries",Male,d,  2 182 738.867,  2 331 163.019,  2 484 542.399,  2 637 032.075,  2 778 296.773
948,"   Less developed regions, excluding China",Both sexes combined,,  3 642 371.416,  3 980 077.157,  4 332 606.955,  4 701 441.323,  5 069 639.765
948,"   Less developed regions, excluding China",Female,,  1 801 815.101,  1 967 367.948,  2 140 509.487,  2 322 966.570,  2 505 739.872
948,"   Less developed regions, excluding China",Male,,  1 840 556.375,  2 012 709.251,  2 192 097.479,  2 378 474.660,  2 563 899.725
1503,   High-income countries,Both sexes combined,e,  1 070 130.224,  1 106 701.844,  1 148 592.393,  1 180 060.957,  1 207 775.438
1503,   High-income countries,Female,e,   542 300.504,   559 363.137,   578 362.115,   592 938.100,   605 521.492
1503,   High-income countries,Male,e,   527 829.775,   547 338.743,   570 230.270,   587 122.810,   602 253.910
1517,   Middle-income countries,Both sexes combined,e,  4 647 489.693,  4 944 485.729,  5 246 881.509,  5 558 263.979,  5 852 576.168
1517,   Middle-income countries,Female,e,  2 294 112.509,  2 439 316.232,  2 588 098.142,  2 741 602.104,  2 887 805.667
1517,   Middle-income countries,Male,e,  2 353 377.189,  2 505 169.572,  2 658 783.439,  2 816 661.811,  2 964 770.470
1501,      Lower-middle-income countries,Both sexes combined,e,  2 339 911.631,  2 546 842.104,  2 757 470.386,  2 969 900.999,  3 182 454.145
1501,      Lower-middle-income countries,Female,e,  1 149 723.125,  1 250 836.034,  1 354 055.055,  1 458 825.242,  1 564 236.509
1501,      Lower-middle-income countries,Male,e,  1 190 188.525,  1 296 006.073,  1 403 415.363,  1 511 075.758,  1 618 217.619
1502,      Upper-middle-income countries,Both sexes combined,e,  2 307 578.062,  2 397 643.625,  2 489 411.123,  2 588 362.980,  2 670 122.023
1502,      Upper-middle-income countries,Female,e,  1 144 389.384,  1 188 480.198,  1 234 043.087,  1 282 776.862,  1 323 569.158
1502,      Upper-middle-income countries,Male,e,  1 163 188.664,  1 209 163.499,  1 255 368.076,  1 305 586.053,  1 346 552.851
1500,   Low-income countries,Both sexes combined,e,   425 129.552,   488 440.913,   560 007.444,   641 858.608,   732 132.800
1500,   Low-income countries,Female,e,   214 451.621,   246 075.059,   282 093.254,   322 888.514,   367 842.666
1500,   Low-income countries,Male,e,   210 677.959,   242 365.834,   277 914.213,   318 970.093,   364 290.100
947,   Sub-Saharan Africa,Both sexes combined,f,   645 007.134,   736 925.453,   845 136.154,   969 234.251,  1 106 572.881
947,   Sub-Saharan Africa,Female,f,   324 317.175,   370 338.586,   424 331.549,   486 039.823,   554 392.518
947,   Sub-Saharan Africa,Male,f,   320 689.968,   366 586.841,   420 804.620,   483 194.390,   552 180.286
903,   Africa,Both sexes combined,,   817 566.004,   924 757.708,  1 049 446.344,  1 194 369.908,  1 352 622.189
903,   Africa,Female,,   410 139.082,   463 804.118,   526 140.763,   598 112.714,   676 814.953
903,   Africa,Male,,   407 426.911,   460 953.559,   523 305.600,   596 257.147,   675 807.171
910,      Eastern Africa,Both sexes combined,,   261 113.890,   300 599.706,   346 987.498,   399 458.026,   457 439.680
910,      Eastern Africa,Female,,   131 874.391,   151 770.841,   175 041.320,   201 333.131,   230 352.244
910,      Eastern Africa,Male,,   129 239.485,   148 828.854,   171 946.211,   198 124.857,   227 087.377
108,         Burundi,Both sexes combined,,   6 400.706,   7 423.289,   8 766.930,   10 199.270,   11 939.227
108,         Burundi,Female,,   3 260.004,   3 772.654,   4 461.967,   5 183.995,   6 057.120
108,         Burundi,Male,,   3 140.702,   3 650.627,   4 304.969,   5 015.272,   5 882.103
174,         Comoros,Both sexes combined,,    542.357,    611.627,    689.692,    777.424,    869.601
174,         Comoros,Female,,    269.505,    303.613,    342.069,    385.346,    430.942
174,         Comoros,Male,,    272.853,    308.012,    347.627,    392.089,    438.653
262,         Djibouti,Both sexes combined,,    717.584,    783.254,    851.146,    927.414,    999.899
262,         Djibouti,Female,,    356.818,    389.622,    423.588,    461.853,    498.384
262,         Djibouti,Male,,    360.759,    393.626,    427.561,    465.561,    501.516
232,         Eritrea,Both sexes combined,,   3 392.801,   3 969.007,   4 390.840,   4 846.976,   5 432.216
232,         Eritrea,Female,,   1 696.519,   1 983.985,   2 193.336,   2 419.187,   2 708.940
232,         Eritrea,Male,,   1 696.287,   1 985.025,   2 197.503,   2 427.799,   2 723.270
231,         Ethiopia,Both sexes combined,,   66 537.331,   76 727.083,   87 702.670,   99 873.033,   112 759.070
231,         Ethiopia,Female,,   33 360.677,   38 450.795,   43 934.519,   50 012.145,   56 448.372
231,         Ethiopia,Male,,   33 176.663,   38 276.287,   43 768.157,   49 860.882,   56 310.699
404,         Kenya,Both sexes combined,,   31 450.483,   36 048.288,   41 350.152,   47 236.259,   53 491.697
404,         Kenya,Female,,   15 831.342,   18 138.666,   20 796.269,   23 759.244,   26 906.587
404,         Kenya,Male,,   15 619.136,   17 909.625,   20 553.888,   23 477.023,   26 585.106
450,         Madagascar,Both sexes combined,,   15 766.806,   18 336.724,   21 151.640,   24 234.088,   27 690.798
450,         Madagascar,Female,,   7 916.321,   9 206.229,   10 615.345,   12 152.289,   13 876.181
450,         Madagascar,Male,,   7 850.485,   9 130.493,   10 536.295,   12 081.791,   13 814.616
454,         Malawi,Both sexes combined,,   11 376.172,   13 039.711,   15 167.095,   17 573.607,   20 283.691
454,         Malawi,Female,,   5 765.807,   6 603.728,   7 668.292,   8 871.473,   10 229.577
454,         Malawi,Male,,   5 610.354,   6 435.982,   7 498.804,   8 702.133,   10 054.124
480,         Mauritius,Both sexes combined,1,   1 185.145,   1 222.003,   1 247.955,   1 259.456,   1 274.114
480,         Mauritius,Female,1,    597.454,    616.390,    629.375,    635.662,    645.513
480,         Mauritius,Male,1,    587.693,    605.620,    618.578,    623.795,    628.595
175,         Mayotte,Both sexes combined,,    150.331,    178.098,    208.718,    240.020,    273.110
175,         Mayotte,Female,,    74.271,    90.327,    106.683,    122.136,    138.746
175,         Mayotte,Male,,    76.060,    87.776,    102.033,    117.875,    134.351
508,         Mozambique,Both sexes combined,,   18 067.687,   20 923.070,   24 221.405,   28 010.691,   32 309.195
508,         Mozambique,Female,,   9 401.476,   10 817.067,   12 460.012,   14 350.344,   16 497.724
508,         Mozambique,Male,,   8 666.202,   10 106.007,   11 761.394,   13 660.351,   15 811.457
638,         Réunion,Both sexes combined,,    736.710,    791.598,    830.519,    863.363,    896.536
638,         Réunion,Female,,    377.189,    403.143,    428.375,    445.266,    462.577
638,         Réunion,Male,,    359.525,    388.455,    402.132,    418.093,    433.948
646,         Rwanda,Both sexes combined,,   8 025.703,   8 991.735,   10 246.842,   11 629.553,   13 087.173
646,         Rwanda,Female,,   4 110.739,   4 597.014,   5 229.828,   5 928.316,   6 667.723
646,         Rwanda,Male,,   3 914.961,   4 394.718,   5 017.009,   5 701.230,   6 419.450
690,         Seychelles,Both sexes combined,,    81.151,    88.744,    91.405,    93.742,    96.112
690,         Seychelles,Female,,    40.731,    44.406,    44.262,    47.286,    48.712
690,         Seychelles,Male,,    40.421,    44.341,    47.139,    46.453,    47.405
706,         Somalia,Both sexes combined,,   9 011.479,   10 409.925,   12 053.223,   13 908.129,   16 105.174
706,         Somalia,Female,,   4 495.284,   5 198.619,   6 035.996,   6 979.084,   8 081.856
706,         Somalia,Male,,   4 516.202,   5 211.302,   6 017.235,   6 929.042,   8 023.320
728,         South Sudan,Both sexes combined,,   6 700.656,   8 108.877,   10 067.192,   11 882.136,   13 610.007
728,         South Sudan,Female,,   3 362.998,   4 063.072,   5 034.945,   5 932.058,   6 785.749
728,         South Sudan,Male,,   3 337.668,   4 045.798,   5 032.251,   5 950.069,   6 824.253
800,         Uganda,Both sexes combined,,   24 039.274,   28 543.940,   33 915.133,   40 144.870,   47 187.703
800,         Uganda,Female,,   12 155.006,   14 410.903,   17 074.599,   20 182.781,   23 705.818
800,         Uganda,Male,,   11 884.262,   14 133.031,   16 840.539,   19 962.086,   23 481.884
834,         United Republic of Tanzania,Both sexes combined,2,   34 178.042,   39 410.545,   46 098.591,   53 879.957,   62 774.619
834,         United Republic of Tanzania,Female,2,   17 263.715,   19 969.893,   23 349.004,   27 253.074,   31 696.864
834,         United Republic of Tanzania,Male,2,   16 914.319,   19 440.653,   22 749.591,   26 626.877,   31 077.748
894,         Zambia,Both sexes combined,,   10 531.221,   12 052.156,   13 850.033,   16 100.587,   18 679.273
894,         Zambia,Female,,   5 323.082,   6 085.268,   6 985.740,   8 112.239,   9 410.937
894,         Zambia,Male,,   5 208.135,   5 966.889,   6 864.296,   7 988.340,   9 268.344
716,         Zimbabwe,Both sexes combined,,   12 222.251,   12 940.032,   14 086.317,   15 777.451,   17 680.465
716,         Zimbabwe,Female,,   6 215.453,   6 625.447,   7 227.116,   8 099.353,   9 053.922
716,         Zimbabwe,Male,,   6 006.798,   6 314.587,   6 859.210,   7 678.096,   8 626.535
911,      Middle Africa,Both sexes combined,,   96 098.868,   111 954.048,   131 351.399,   153 742.724,   178 959.265
911,      Middle Africa,Female,,   48 495.799,   56 394.670,   66 037.382,   77 178.982,   89 752.115
911,      Middle Africa,Male,,   47 603.063,   55 559.377,   65 314.021,   76 563.733,   89 207.129
24,         Angola,Both sexes combined,,   16 440.924,   19 552.542,   23 369.131,   27 859.305,   32 827.401
24,         Angola,Female,,   8 407.377,   9 995.794,   11 936.012,   14 205.740,   16 718.380
24,         Angola,Male,,   8 033.544,   9 556.744,   11 433.112,   13 653.563,   16 109.023
120,         Cameroon,Both sexes combined,,   15 274.234,   17 420.795,   19 970.495,   22 834.522,   25 958.184
120,         Cameroon,Female,,   7 660.626,   8 722.279,   9 985.022,   11 410.454,   12 960.135
120,         Cameroon,Male,,   7 613.610,   8 698.514,   9 985.480,   11 424.075,   12 998.044
140,         Central African Republic,Both sexes combined,,   3 754.986,   4 127.910,   4 448.525,   4 546.100,   4 920.889
140,         Central African Republic,Female,,   1 907.222,   2 093.008,   2 253.891,   2 303.828,   2 493.404
140,         Central African Republic,Male,,   1 847.763,   2 034.901,   2 194.630,   2 242.275,   2 427.479
148,         Chad,Both sexes combined,,   8 342.559,   10 067.009,   11 887.202,   14 009.413,   16 285.093
148,         Chad,Female,,   4 187.082,   5 041.948,   5 942.189,   6 998.240,   8 131.218
148,         Chad,Male,,   4 155.472,   5 025.054,   5 945.019,   7 011.174,   8 153.875
178,         Congo,Both sexes combined,,   3 225.727,   3 718.243,   4 386.693,   4 995.648,   5 686.917
178,         Congo,Female,,   1 615.153,   1 860.063,   2 192.709,   2 496.699,   2 842.201
178,         Congo,Male,,   1 610.582,   1 858.182,   2 193.991,   2 498.945,   2 844.717
180,         Democratic Republic of the Congo,Both sexes combined,,   47 076.387,   54 751.476,   64 523.263,   76 196.619,   89 505.201
180,         Democratic Republic of the Congo,Female,,   23 731.841,   27 546.763,   32 401.848,   38 200.541,   44 823.072
180,         Democratic Republic of the Congo,Male,,   23 344.549,   27 204.717,   32 121.415,   37 996.074,   44 682.112
226,         Equatorial Guinea,Both sexes combined,,    614.323,    757.317,    951.104,   1 175.389,   1 406.280
226,         Equatorial Guinea,Female,,    296.261,    356.143,    434.623,    526.976,    625.814
226,         Equatorial Guinea,Male,,    318.062,    401.184,    516.479,    648.404,    780.462
266,         Gabon,Both sexes combined,,   1 231.122,   1 403.126,   1 640.210,   1 930.175,   2 151.289
266,         Gabon,Female,,    620.443,    700.401,    803.282,    938.316,   1 048.462
266,         Gabon,Male,,    610.669,    702.725,    836.931,    991.862,   1 102.827
678,         Sao Tome and Principe,Both sexes combined,,    138.606,    155.630,    174.776,    195.553,    218.011
678,         Sao Tome and Principe,Female,,    69.794,    78.271,    87.806,    98.188,    109.429
678,         Sao Tome and Principe,Male,,    68.812,    77.356,    86.964,    97.361,    108.590
912,      Northern Africa,Both sexes combined,,   172 558.870,   187 832.255,   204 310.190,   225 135.657,   246 049.308
912,      Northern Africa,Female,,   85 821.907,   93 465.532,   101 809.214,   112 072.891,   122 422.435
912,      Northern Africa,Male,,   86 736.943,   94 366.718,   102 500.980,   113 062.757,   123 626.885
12,         Algeria,Both sexes combined,,   31 183.660,   33 288.437,   36 117.637,   39 871.528,   43 333.255
12,         Algeria,Female,,   15 380.506,   16 452.871,   17 887.241,   19 738.059,   21 448.583
12,         Algeria,Male,,   15 803.151,   16 835.565,   18 230.400,   20 133.472,   21 884.680
818,         Egypt,Both sexes combined,,   69 905.988,   76 778.149,   84 107.606,   93 778.172,   102 941.484
818,         Egypt,Female,,   34 741.727,   38 071.514,   41 641.633,   46 369.234,   50 895.684
818,         Egypt,Male,,   35 164.257,   38 706.637,   42 465.970,   47 408.942,   52 045.801
434,         Libya,Both sexes combined,,   5 355.751,   5 792.688,   6 169.140,   6 234.955,   6 662.173
434,         Libya,Female,,   2 575.492,   2 805.685,   3 019.589,   3 086.641,   3 306.073
434,         Libya,Male,,   2 780.260,   2 986.999,   3 149.563,   3 148.308,   3 356.103
504,         Morocco,Both sexes combined,,   28 849.621,   30 521.070,   32 409.639,   34 803.322,   37 070.718
504,         Morocco,Female,,   14 555.638,   15 445.757,   16 436.823,   17 582.909,   18 696.042
504,         Morocco,Male,,   14 293.982,   15 075.319,   15 972.814,   17 220.410,   18 374.677
729,         Sudan,Both sexes combined,,   27 250.535,   30 911.914,   34 385.963,   38 647.803,   43 541.203
729,         Sudan,Female,,   13 585.671,   15 411.916,   17 232.706,   19 342.802,   21 770.989
729,         Sudan,Male,,   13 664.865,   15 499.995,   17 153.255,   19 304.999,   21 770.213
788,         Tunisia,Both sexes combined,,   9 699.197,   10 102.482,   10 639.931,   11 273.661,   11 903.136
788,         Tunisia,Female,,   4 833.191,   5 070.945,   5 363.833,   5 703.301,   6 019.994
788,         Tunisia,Male,,   4 865.994,   5 031.531,   5 276.099,   5 570.360,   5 883.151
732,         Western Sahara,Both sexes combined,,    314.118,    437.515,    480.274,    526.216,    597.339
732,         Western Sahara,Female,,    149.682,    206.844,    227.389,    249.945,    285.070
732,         Western Sahara,Male,,    164.434,    230.672,    252.879,    276.266,    312.260
913,      Southern Africa,Both sexes combined,,   52 286.079,   55 764.050,   59 016.093,   63 419.639,   67 595.044
913,      Southern Africa,Female,,   26 655.074,   28 422.407,   30 066.556,   32 306.097,   34 468.965
913,      Southern Africa,Male,,   25 631.005,   27 341.640,   28 949.547,   31 113.546,   33 126.074
72,         Botswana,Both sexes combined,,   1 728.340,   1 855.852,   2 014.866,   2 209.197,   2 415.766
72,         Botswana,Female,,    876.330,    939.818,   1 018.675,   1 117.555,   1 220.674
72,         Botswana,Male,,    851.999,    916.027,    996.189,   1 091.640,   1 195.089
426,         Lesotho,Both sexes combined,,   1 868.699,   1 949.543,   2 040.551,   2 174.645,   2 322.217
426,         Lesotho,Female,,    969.393,   1 007.296,   1 052.151,   1 119.928,   1 192.463
426,         Lesotho,Male,,    899.303,    942.243,    988.404,   1 054.725,   1 129.750
516,         Namibia,Both sexes combined,,   1 899.257,   2 032.196,   2 173.170,   2 425.561,   2 696.537
516,         Namibia,Female,,    970.748,   1 044.651,   1 120.726,   1 246.821,   1 383.053
516,         Namibia,Male,,    928.512,    987.548,   1 052.446,   1 178.734,   1 313.486
710,         South Africa,Both sexes combined,,   45 728.315,   48 820.586,   51 584.663,   55 291.225,   58 721.229
710,         South Africa,Female,,   23 287.951,   24 859.928,   26 255.470,   28 141.909,   29 929.942
710,         South Africa,Male,,   22 440.371,   23 960.662,   25 329.199,   27 149.317,   28 791.293
748,         Swaziland,Both sexes combined,,   1 061.468,   1 105.873,   1 202.843,   1 319.011,   1 439.295
748,         Swaziland,Female,,    550.652,    570.714,    619.534,    679.884,    742.833
748,         Swaziland,Male,,    510.820,    535.160,    583.309,    639.130,    696.456
914,      Western Africa,Both sexes combined,3,   235 508.297,   268 607.649,   307 781.164,   352 613.862,   402 578.892
914,      Western Africa,Female,3,   117 291.911,   133 750.668,   153 186.291,   175 221.613,   199 819.194
914,      Western Africa,Male,3,   118 216.415,   134 856.970,   154 594.841,   177 392.254,   202 759.706
204,         Benin,Both sexes combined,,   6 865.951,   7 982.225,   9 199.259,   10 575.952,   12 122.985
204,         Benin,Female,,   3 483.088,   4 026.821,   4 630.420,   5 305.830,   6 068.873
204,         Benin,Male,,   3 382.858,   3 955.402,   4 568.834,   5 270.132,   6 054.109
854,         Burkina Faso,Both sexes combined,,   11 607.942,   13 421.930,   15 605.217,   18 110.624,   20 903.345
854,         Burkina Faso,Female,,   5 906.289,   6 799.932,   7 867.592,   9 091.844,   10 458.597
854,         Burkina Faso,Male,,   5 701.662,   6 622.003,   7 737.619,   9 018.772,   10 444.751
132,         Cabo Verde,Both sexes combined,,    435.079,    474.567,    502.384,    532.913,    567.348
132,         Cabo Verde,Female,,    225.203,    242.427,    252.786,    267.545,    284.261
132,         Cabo Verde,Male,,    209.880,    232.139,    249.595,    265.363,    283.085
384,         Côte d'Ivoire,Both sexes combined,,   16 686.561,   18 336.303,   20 401.331,   23 108.472,   26 171.750
384,         Côte d'Ivoire,Female,,   8 076.629,   8 935.191,   9 992.365,   11 379.958,   12 948.408
384,         Côte d'Ivoire,Male,,   8 609.932,   9 401.109,   10 408.967,   11 728.519,   13 223.344
270,         Gambia,Both sexes combined,,   1 231.844,   1 444.204,   1 692.149,   1 977.590,   2 293.493
270,         Gambia,Female,,    619.910,    728.090,    854.116,    998.625,   1 158.385
270,         Gambia,Male,,    611.944,    716.125,    838.031,    978.959,   1 135.107
288,         Ghana,Both sexes combined,,   18 938.762,   21 542.009,   24 512.104,   27 582.821,   30 733.755
288,         Ghana,Female,,   9 373.774,   10 778.294,   12 378.251,   13 858.891,   15 399.349
288,         Ghana,Male,,   9 564.981,   10 763.707,   12 133.842,   13 723.929,   15 334.410
324,         Guinea,Both sexes combined,,   8 808.546,   9 679.745,   10 794.170,   12 091.533,   13 750.826
324,         Guinea,Female,,   4 422.252,   4 841.092,   5 394.253,   6 032.162,   6 852.039
324,         Guinea,Male,,   4 386.304,   4 838.658,   5 399.923,   6 059.372,   6 898.785
624,         Guinea-Bissau,Both sexes combined,,   1 243.229,   1 380.838,   1 555.880,   1 770.526,   2 000.694
624,         Guinea-Bissau,Female,,    634.944,    706.553,    793.189,    900.195,   1 015.074
624,         Guinea-Bissau,Male,,    608.282,    674.287,    762.680,    870.333,    985.620
430,         Liberia,Both sexes combined,,   2 884.522,   3 261.230,   3 948.125,   4 499.621,   5 103.853
430,         Liberia,Female,,   1 443.101,   1 626.140,   1 962.749,   2 231.332,   2 526.064
430,         Liberia,Male,,   1 441.421,   1 635.086,   1 985.387,   2 268.288,   2 577.788
466,         Mali,Both sexes combined,,   10 967.690,   12 798.763,   15 075.085,   17 467.905,   20 284.180
466,         Mali,Female,,   5 527.488,   6 427.935,   7 544.177,   8 732.268,   10 121.503
466,         Mali,Male,,   5 440.204,   6 370.826,   7 530.904,   8 735.645,   10 162.680
478,         Mauritania,Both sexes combined,,   2 709.359,   3 130.720,   3 609.543,   4 182.341,   4 783.767
478,         Mauritania,Female,,   1 355.236,   1 562.468,   1 797.102,   2 076.145,   2 370.696
478,         Mauritania,Male,,   1 354.129,   1 568.249,   1 812.440,   2 106.193,   2 413.069
562,         Niger,Both sexes combined,,   11 352.973,   13 618.449,   16 425.578,   19 896.965,   24 074.693
562,         Niger,Female,,   5 718.338,   6 833.662,   8 215.975,   9 929.261,   11 985.806
562,         Niger,Male,,   5 634.643,   6 784.789,   8 209.607,   9 967.702,   12 088.885
566,         Nigeria,Both sexes combined,,   122 352.009,   138 939.478,   158 578.261,   181 181.744,   206 152.701
566,         Nigeria,Female,,   60 667.141,   68 779.523,   78 374.055,   89 413.015,   101 627.887
566,         Nigeria,Male,,   61 684.870,   70 159.951,   80 204.204,   91 768.732,   104 524.811
654,         Saint Helena,Both sexes combined,,    5.114,    4.275,    4.177,    4.034,    4.126
686,         Senegal,Both sexes combined,,   9 884.052,   11 251.266,   12 916.229,   14 976.994,   17 200.154
686,         Senegal,Female,,   5 019.555,   5 733.500,   6 592.433,   7 626.013,   8 739.041
686,         Senegal,Male,,   4 864.490,   5 517.768,   6 323.796,   7 350.978,   8 461.117
694,         Sierra Leone,Both sexes combined,,   4 564.297,   5 658.379,   6 458.720,   7 237.025,   8 046.931
694,         Sierra Leone,Female,,   2 310.949,   2 867.310,   3 268.921,   3 655.459,   4 058.623
694,         Sierra Leone,Male,,   2 253.353,   2 791.064,   3 189.798,   3 581.569,   3 988.319
768,         Togo,Both sexes combined,,   4 970.367,   5 683.268,   6 502.952,   7 416.802,   8 384.291
768,         Togo,Female,,   2 505.440,   2 859.647,   3 265.860,   3 721.088,   4 202.546
768,         Togo,Male,,   2 464.924,   2 823.622,   3 237.086,   3 695.718,   4 181.744
935,   Asia,Both sexes combined,,  3 730 370.625,  3 964 342.662,  4 194 425.212,  4 419 897.601,  4 623 454.191
935,   Asia,Female,,  1 825 698.860,  1 937 910.075,  2 048 471.965,  2 158 307.634,  2 258 388.455
935,   Asia,Male,,  1 904 671.842,  2 026 432.638,  2 145 953.270,  2 261 589.969,  2 365 065.700
906,      Eastern Asia,Both sexes combined,,  1 512 377.595,  1 555 011.573,  1 595 828.675,  1 635 150.365,  1 663 618.587
906,      Eastern Asia,Female,,   739 977.631,   760 228.967,   779 690.992,   798 336.761,   812 207.076
906,      Eastern Asia,Male,,   772 399.981,   794 782.615,   816 137.684,   836 813.595,   851 411.505
156,         China,Both sexes combined,4,  1 283 198.970,  1 321 623.490,  1 359 755.102,  1 397 028.553,  1 424 548.266
156,         China,Female,4,   624 197.968,   642 079.226,   659 872.868,   677 268.590,   690 458.380
156,         China,Male,4,   659 000.998,   679 544.263,   699 882.239,   719 759.957,   734 089.888
344,"         China, Hong Kong SAR",Both sexes combined,5,   6 663.654,   6 827.761,   7 025.221,   7 245.701,   7 547.652
344,"         China, Hong Kong SAR",Female,5,   3 389.280,   3 551.805,   3 729.032,   3 896.654,   4 099.142
344,"         China, Hong Kong SAR",Male,5,   3 274.389,   3 275.954,   3 296.188,   3 349.042,   3 448.509
446,"         China, Macao SAR",Both sexes combined,6,    427.979,    482.559,    536.969,    600.942,    651.875
446,"         China, Macao SAR",Female,6,    222.968,    253.316,    279.284,    312.692,    338.478
446,"         China, Macao SAR",Male,6,    205.004,    229.249,    257.686,    288.256,    313.398
158,"         China, Taiwan Province of China",Both sexes combined,,   21 840.235,   22 602.886,   23 102.406,   23 485.755,   23 817.905
158,"         China, Taiwan Province of China",Female,,   10 699.374,   11 122.254,   11 471.004,   11 738.925,   11 968.497
158,"         China, Taiwan Province of China",Male,,   11 140.873,   11 480.627,   11 631.403,   11 746.831,   11 849.401
408,         Dem. People's Republic of Korea,Both sexes combined,,   22 929.075,   23 904.167,   24 591.599,   25 243.917,   25 840.863
408,         Dem. People's Republic of Korea,Female,,   11 751.350,   12 233.823,   12 575.133,   12 898.958,   13 200.684
408,         Dem. People's Republic of Korea,Male,,   11 177.728,   11 670.344,   12 016.471,   12 344.958,   12 640.183
392,         Japan,Both sexes combined,,   127 533.934,   128 335.767,   128 551.873,   127 974.958,   126 495.647
392,         Japan,Female,,   64 904.361,   65 445.278,   65 672.569,   65 449.013,   64 770.317
392,         Japan,Male,,   62 629.568,   62 890.489,   62 879.304,   62 525.946,   61 725.327
496,         Mongolia,Both sexes combined,,   2 397.436,   2 526.446,   2 712.650,   2 976.877,   3 209.404
496,         Mongolia,Female,,   1 201.827,   1 269.518,   1 366.755,   1 502.930,   1 624.237
496,         Mongolia,Male,,   1 195.613,   1 256.932,   1 345.895,   1 473.946,   1 585.159
410,         Republic of Korea,Both sexes combined,,   47 386.312,   48 708.497,   49 552.855,   50 593.662,   51 506.975
410,         Republic of Korea,Female,,   23 610.503,   24 273.747,   24 724.347,   25 268.999,   25 747.341
410,         Republic of Korea,Male,,   23 775.808,   24 434.757,   24 828.498,   25 324.659,   25 759.640
921,      South-Central Asia,Both sexes combined,7,  1 508 317.036,  1 641 830.209,  1 768 530.742,  1 892 013.476,  2 009 437.029
921,      South-Central Asia,Female,7,   731 330.818,   795 626.642,   858 132.413,   918 977.009,   976 900.864
921,      South-Central Asia,Male,7,   776 986.248,   846 203.610,   910 398.327,   973 036.459,  1 032 536.161
5500,         Central Asia,Both sexes combined,,   55 559.337,   58 737.838,   63 156.447,   68 705.005,   73 821.123
5500,         Central Asia,Female,,   28 189.417,   29 772.955,   31 967.786,   34 730.826,   37 308.224
5500,         Central Asia,Male,,   27 369.916,   28 964.913,   31 188.654,   33 974.158,   36 512.895
398,            Kazakhstan,Both sexes combined,,   15 057.363,   15 541.457,   16 398.976,   17 749.648,   18 777.139
398,            Kazakhstan,Female,,   7 813.929,   8 054.305,   8 471.909,   9 154.569,   9 684.117
398,            Kazakhstan,Male,,   7 243.434,   7 487.156,   7 927.069,   8 595.071,   9 093.020
417,            Kyrgyzstan,Both sexes combined,,   4 920.718,   5 075.380,   5 422.337,   5 865.401,   6 301.718
417,            Kyrgyzstan,Female,,   2 487.724,   2 559.627,   2 742.637,   2 957.369,   3 179.396
417,            Kyrgyzstan,Male,,   2 432.994,   2 515.750,   2 679.705,   2 908.034,   3 122.326
762,            Tajikistan,Both sexes combined,,   6 216.205,   6 854.176,   7 641.630,   8 548.651,   9 475.246
762,            Tajikistan,Female,,   3 102.545,   3 404.267,   3 790.275,   4 251.299,   4 721.762
762,            Tajikistan,Male,,   3 113.661,   3 449.921,   3 851.349,   4 297.346,   4 753.494
795,            Turkmenistan,Both sexes combined,,   4 516.131,   4 754.641,   5 087.210,   5 565.284,   6 031.195
795,            Turkmenistan,Female,,   2 293.294,   2 415.761,   2 584.695,   2 825.210,   3 061.874
795,            Turkmenistan,Male,,   2 222.831,   2 338.887,   2 502.513,   2 740.069,   2 969.310
860,            Uzbekistan,Both sexes combined,,   24 848.920,   26 512.184,   28 606.294,   30 976.021,   33 235.825
860,            Uzbekistan,Female,,   12 491.925,   13 338.995,   14 378.270,   15 542.379,   16 661.075
860,            Uzbekistan,Male,,   12 356.996,   13 173.199,   14 228.018,   15 433.638,   16 574.745
5501,         Southern Asia,Both sexes combined,,  1 452 757.699,  1 583 092.371,  1 705 374.295,  1 823 308.471,  1 935 615.906
5501,         Southern Asia,Female,,   703 141.401,   765 853.687,   826 164.627,   884 246.183,   939 592.640
5501,         Southern Asia,Male,,   749 616.332,   817 238.697,   879 209.673,   939 062.301,   996 023.266
4,            Afghanistan,Both sexes combined,,   20 093.756,   25 070.798,   28 803.167,   33 736.494,   38 054.941
4,            Afghanistan,Female,,   9 746.775,   12 101.550,   14 005.472,   16 346.869,   18 472.624
4,            Afghanistan,Male,,   10 346.992,   12 969.246,   14 797.692,   17 389.625,   19 582.321
50,            Bangladesh,Both sexes combined,,   131 581.243,   143 431.101,   152 149.102,   161 200.886,   169 775.309
50,            Bangladesh,Female,,   64 436.552,   70 379.648,   75 208.038,   79 857.915,   84 258.924
50,            Bangladesh,Male,,   67 144.696,   73 051.458,   76 941.073,   81 342.973,   85 516.386
64,            Bhutan,Both sexes combined,,    573.416,    656.639,    727.641,    787.386,    835.245
64,            Bhutan,Female,,    280.699,    311.752,    342.031,    368.944,    393.352
64,            Bhutan,Male,,    292.710,    344.888,    385.614,    418.443,    441.900
356,            India,Both sexes combined,,  1 053 050.912,  1 144 118.674,  1 230 980.691,  1 309 053.980,  1 383 197.753
356,            India,Female,,   507 537.344,   551 056.671,   592 508.747,   630 489.690,   666 826.961
356,            India,Male,,   545 513.564,   593 062.002,   638 471.937,   678 564.294,   716 370.793
364,            Iran (Islamic Republic of),Both sexes combined,,   66 131.854,   70 421.811,   74 567.511,   79 360.487,   83 587.129
364,            Iran (Islamic Republic of),Female,,   32 600.985,   34 458.280,   36 851.012,   39 418.737,   41 578.789
364,            Iran (Islamic Republic of),Male,,   33 530.876,   35 963.531,   37 716.501,   39 941.755,   42 008.340
462,            Maldives,Both sexes combined,,    280.384,    318.836,    364.511,    418.403,    458.909
462,            Maldives,Female,,    138.433,    150.784,    164.873,    181.741,    197.256
462,            Maldives,Male,,    141.957,    168.064,    199.635,    236.665,    261.647
524,            Nepal,Both sexes combined,,   23 740.911,   25 640.287,   27 023.137,   28 656.282,   30 260.244
524,            Nepal,Female,,   11 934.587,   12 917.903,   13 841.577,   14 752.912,   15 542.985
524,            Nepal,Male,,   11 806.324,   12 722.375,   13 181.560,   13 903.375,   14 717.261
586,            Pakistan,Both sexes combined,,   138 523.285,   153 909.667,   170 560.182,   189 380.513,   208 362.334
586,            Pakistan,Female,,   67 052.146,   74 577.799,   82 873.404,   92 094.177,   101 346.248
586,            Pakistan,Male,,   71 471.143,   79 331.874,   87 686.774,   97 286.329,   107 016.079
144,            Sri Lanka,Both sexes combined,,   18 781.938,   19 524.558,   20 198.353,   20 714.040,   21 084.042
144,            Sri Lanka,Female,,   9 413.880,   9 899.300,   10 369.473,   10 735.198,   10 975.501
144,            Sri Lanka,Male,,   9 368.070,   9 625.259,   9 828.887,   9 978.842,   10 108.539
920,      South-Eastern Asia,Both sexes combined,,   524 657.117,   561 770.198,   597 327.771,   634 609.846,   669 016.297
920,      South-Eastern Asia,Female,,   263 399.788,   281 827.516,   298 807.541,   317 583.557,   335 199.065
920,      South-Eastern Asia,Male,,   261 257.333,   279 942.670,   298 520.219,   317 026.293,   333 817.208
96,         Brunei Darussalam,Both sexes combined,,    333.241,    365.158,    388.662,    417.542,    444.519
96,         Brunei Darussalam,Female,,    164.492,    178.762,    187.995,    202.446,    215.971
96,         Brunei Darussalam,Male,,    168.754,    186.402,    200.662,    215.100,    228.543
116,         Cambodia,Both sexes combined,,   12 152.354,   13 270.201,   14 308.740,   15 517.635,   16 715.508
116,         Cambodia,Female,,   6 246.284,   6 829.733,   7 338.384,   7 949.051,   8 554.488
116,         Cambodia,Male,,   5 906.074,   6 440.468,   6 970.352,   7 568.575,   8 161.022
360,         Indonesia,Both sexes combined,,   211 540.429,   226 712.730,   242 524.123,   258 162.113,   272 222.987
360,         Indonesia,Female,,   105 672.083,   112 891.718,   120 245.778,   128 123.149,   135 301.925
360,         Indonesia,Male,,   105 868.348,   113 821.016,   122 278.344,   130 038.965,   136 921.057
418,         Lao People's Democratic Republic,Both sexes combined,,   5 329.304,   5 754.026,   6 246.274,   6 663.967,   7 164.822
418,         Lao People's Democratic Republic,Female,,   2 672.354,   2 900.065,   3 138.888,   3 342.385,   3 587.251
418,         Lao People's Democratic Republic,Male,,   2 656.944,   2 853.959,   3 107.387,   3 321.589,   3 577.577
458,         Malaysia,Both sexes combined,8,   23 185.608,   25 659.393,   28 112.289,   30 723.155,   32 869.323
458,         Malaysia,Female,8,   11 373.103,   12 510.515,   13 624.432,   14 846.228,   15 946.866
458,         Malaysia,Male,8,   11 812.507,   13 148.877,   14 487.868,   15 876.923,   16 922.451
104,         Myanmar,Both sexes combined,,   46 095.462,   48 482.614,   50 155.896,   52 403.669,   54 808.276
104,         Myanmar,Female,,   23 575.666,   24 800.750,   25 677.919,   26 810.525,   28 041.839
104,         Myanmar,Male,,   22 519.793,   23 681.861,   24 477.977,   25 593.153,   26 766.437
608,         Philippines,Both sexes combined,,   77 991.569,   86 274.237,   93 726.624,   101 716.359,   109 703.396
608,         Philippines,Female,,   38 711.185,   42 912.666,   46 416.787,   50 478.481,   54 566.226
608,         Philippines,Male,,   39 280.391,   43 361.572,   47 309.832,   51 237.883,   55 137.168
702,         Singapore,Both sexes combined,,   3 913.960,   4 491.042,   5 074.252,   5 535.262,   5 935.053
702,         Singapore,Female,,   1 958.656,   2 262.062,   2 570.470,   2 801.360,   3 001.876
702,         Singapore,Male,,   1 955.302,   2 228.974,   2 503.787,   2 733.891,   2 933.168
764,         Thailand,Both sexes combined,,   62 958.021,   65 425.470,   67 208.808,   68 657.600,   69 410.868
764,         Thailand,Female,,   31 862.213,   33 248.152,   34 271.289,   35 132.148,   35 630.262
764,         Thailand,Male,,   31 095.801,   32 177.314,   32 937.515,   33 525.445,   33 780.604
626,         Timor-Leste,Both sexes combined,,    871.607,   1 026.484,   1 109.591,   1 240.977,   1 381.400
626,         Timor-Leste,Female,,    429.593,    506.074,    546.157,    610.778,    679.925
626,         Timor-Leste,Male,,    442.013,    520.409,    563.431,    630.206,    701.471
704,         Viet Nam,Both sexes combined,,   80 285.562,   84 308.843,   88 472.512,   93 571.567,   98 360.145
704,         Viet Nam,Female,,   40 734.159,   42 787.019,   44 789.442,   47 287.006,   49 672.436
704,         Viet Nam,Male,,   39 551.406,   41 521.818,   43 683.064,   46 284.563,   48 687.710
922,      Western Asia,Both sexes combined,,   185 018.877,   205 730.682,   232 738.024,   258 123.914,   281 382.278
922,      Western Asia,Female,,   90 990.623,   100 226.950,   111 841.019,   123 410.307,   134 081.450
922,      Western Asia,Male,,   94 028.280,   105 503.743,   120 897.040,   134 713.622,   147 300.826
51,         Armenia,Both sexes combined,,   3 069.588,   2 981.259,   2 877.311,   2 916.950,   2 938.679
51,         Armenia,Female,,   1 628.672,   1 579.384,   1 530.958,   1 546.195,   1 556.004
51,         Armenia,Male,,   1 440.919,   1 401.868,   1 346.350,   1 370.760,   1 382.678
31,         Azerbaijan,Both sexes combined,9,   8 122.741,   8 538.606,   9 032.457,   9 617.484,   10 099.743
31,         Azerbaijan,Female,9,   4 151.288,   4 331.801,   4 557.375,   4 831.489,   5 064.844
31,         Azerbaijan,Male,9,   3 971.455,   4 206.809,   4 475.090,   4 786.005,   5 034.901
48,         Bahrain,Both sexes combined,,    664.614,    889.168,   1 240.862,   1 371.855,   1 697.765
48,         Bahrain,Female,,    283.386,    355.018,    466.813,    525.099,    606.649
48,         Bahrain,Male,,    381.224,    534.143,    774.053,    846.759,   1 091.118
196,         Cyprus,Both sexes combined,10,    943.286,   1 027.658,   1 112.607,   1 160.985,   1 207.343
196,         Cyprus,Female,10,    467.863,    507.185,    557.033,    579.588,    603.845
196,         Cyprus,Male,10,    475.425,    520.472,    555.578,    581.395,    603.505
268,         Georgia,Both sexes combined,11,   4 722.059,   4 486.547,   4 231.661,   3 951.524,   3 898.529
268,         Georgia,Female,11,   2 483.559,   2 367.085,   2 221.534,   2 065.578,   2 038.051
268,         Georgia,Male,11,   2 238.494,   2 119.465,   2 010.118,   1 885.939,   1 860.473
368,         Iraq,Both sexes combined,,   23 565.413,   27 008.426,   30 762.701,   36 115.649,   41 502.885
368,         Iraq,Female,,   11 675.700,   13 357.781,   15 213.700,   17 840.093,   20 482.858
368,         Iraq,Male,,   11 889.712,   13 650.648,   15 549.002,   18 275.557,   21 020.025
376,         Israel,Both sexes combined,,   6 013.741,   6 602.970,   7 425.959,   8 064.547,   8 713.559
376,         Israel,Female,,   3 050.206,   3 345.640,   3 757.868,   4 064.987,   4 376.556
376,         Israel,Male,,   2 963.544,   3 257.334,   3 668.088,   3 999.567,   4 337.008
400,         Jordan,Both sexes combined,,   5 103.130,   5 714.111,   7 182.390,   9 159.302,   10 208.662
400,         Jordan,Female,,   2 457.925,   2 765.918,   3 519.460,   4 518.329,   5 036.733
400,         Jordan,Male,,   2 645.207,   2 948.193,   3 662.927,   4 640.978,   5 171.931
414,         Kuwait,Both sexes combined,,   2 050.741,   2 276.623,   2 998.083,   3 935.794,   4 302.875
414,         Kuwait,Female,,    852.238,    932.343,   1 264.497,   1 674.808,   1 834.339
414,         Kuwait,Male,,   1 198.508,   1 344.277,   1 733.582,   2 260.980,   2 468.527
422,         Lebanon,Both sexes combined,,   3 235.366,   3 986.852,   4 337.141,   5 851.479,   6 019.795
422,         Lebanon,Female,,   1 630.222,   1 960.921,   2 125.452,   2 912.201,   2 996.784
422,         Lebanon,Male,,   1 605.151,   2 025.936,   2 211.690,   2 939.287,   3 023.010
512,         Oman,Both sexes combined,,   2 267.991,   2 511.269,   3 041.460,   4 199.810,   5 149.700
512,         Oman,Female,,    994.740,   1 090.914,   1 206.907,   1 476.654,   1 723.863
512,         Oman,Male,,   1 273.251,   1 420.351,   1 834.557,   2 723.157,   3 425.835
634,         Qatar,Both sexes combined,,    592.267,    864.863,   1 779.676,   2 481.539,   2 791.807
634,         Qatar,Female,,    205.925,    280.454,    430.199,    610.372,    710.079
634,         Qatar,Male,,    386.343,    584.403,   1 349.480,   1 871.168,   2 081.721
682,         Saudi Arabia,Both sexes combined,,   20 764.312,   23 905.654,   27 425.676,   31 557.144,   34 709.640
682,         Saudi Arabia,Female,,   9 455.086,   10 600.690,   12 025.048,   13 664.437,   14 763.000
682,         Saudi Arabia,Male,,   11 309.223,   13 304.966,   15 400.643,   17 892.693,   19 946.643
275,         State of Palestine,Both sexes combined,12,   3 223.009,   3 576.170,   4 066.829,   4 662.884,   5 322.629
275,         State of Palestine,Female,12,   1 589.044,   1 762.570,   2 004.302,   2 298.072,   2 623.599
275,         State of Palestine,Male,12,   1 633.971,   1 813.598,   2 062.524,   2 364.812,   2 699.033
760,         Syrian Arab Republic,Both sexes combined,,   16 410.848,   18 294.611,   21 018.834,   18 734.987,   18 924.442
760,         Syrian Arab Republic,Female,,   8 109.037,   8 960.364,   10 409.563,   9 258.761,   9 397.965
760,         Syrian Arab Republic,Male,,   8 301.810,   9 334.249,   10 609.286,   9 476.225,   9 526.473
792,         Turkey,Both sexes combined,,   63 240.121,   67 903.406,   72 326.914,   78 271.472,   83 835.750
792,         Turkey,Female,,   32 096.110,   34 483.840,   36 762.714,   39 768.385,   42 487.154
792,         Turkey,Male,,   31 144.014,   33 419.568,   35 564.195,   38 503.090,   41 348.604
784,         United Arab Emirates,Both sexes combined,,   3 154.925,   4 579.562,   8 270.684,   9 154.302,   9 813.170
784,         United Arab Emirates,Female,,   1 025.572,   1 362.164,   2 109.193,   2 459.583,   2 805.736
784,         United Arab Emirates,Male,,   2 129.351,   3 217.410,   6 161.489,   6 694.723,   7 007.432
887,         Yemen,Both sexes combined,,   17 874.725,   20 582.927,   23 606.779,   26 916.207,   30 245.305
887,         Yemen,Female,,   8 834.050,   10 182.878,   11 678.403,   13 315.676,   14 973.391
887,         Yemen,Male,,   9 040.678,   10 400.053,   11 928.388,   13 600.527,   15 271.909
908,   Europe,Both sexes combined,,   727 200.939,   730 289.682,   737 163.580,   740 813.959,   743 390.045
908,   Europe,Female,,   376 590.208,   378 127.855,   381 639.574,   383 120.953,   383 854.132
908,   Europe,Male,,   350 610.750,   352 161.920,   355 524.040,   357 692.962,   359 535.920
923,      Eastern Europe,Both sexes combined,,   303 957.552,   297 510.641,   294 540.681,   293 243.708,   290 776.392
923,      Eastern Europe,Female,,   160 112.490,   157 283.804,   156 086.248,   155 281.127,   153 957.450
923,      Eastern Europe,Male,,   143 845.059,   140 226.885,   138 454.467,   137 962.578,   136 818.914
112,         Belarus,Both sexes combined,,   9 933.609,   9 621.543,   9 473.071,   9 485.772,   9 415.431
112,         Belarus,Female,,   5 270.991,   5 130.263,   5 069.608,   5 072.611,   5 034.401
112,         Belarus,Male,,   4 662.623,   4 491.286,   4 403.462,   4 413.162,   4 381.031
100,         Bulgaria,Both sexes combined,,   7 997.787,   7 683.763,   7 404.590,   7 177.396,   6 940.527
100,         Bulgaria,Female,,   4 100.113,   3 944.721,   3 799.445,   3 687.292,   3 567.096
100,         Bulgaria,Male,,   3 897.665,   3 739.041,   3 605.148,   3 490.100,   3 373.426
203,         Czechia,Both sexes combined,,   10 289.594,   10 258.176,   10 536.286,   10 603.762,   10 633.424
203,         Czechia,Female,,   5 284.026,   5 261.645,   5 364.879,   5 393.362,   5 403.043
203,         Czechia,Male,,   5 005.561,   4 996.535,   5 171.406,   5 210.402,   5 230.385
348,         Hungary,Both sexes combined,,   10 221.051,   10 086.465,   9 927.840,   9 783.925,   9 621.254
348,         Hungary,Female,,   5 358.401,   5 300.159,   5 217.246,   5 133.594,   5 038.728
348,         Hungary,Male,,   4 862.654,   4 786.311,   4 710.604,   4 650.332,   4 582.523
616,         Poland,Both sexes combined,,   38 550.495,   38 362.666,   38 323.402,   38 265.226,   37 942.231
616,         Poland,Female,,   19 835.193,   19 788.613,   19 794.212,   19 781.463,   19 623.650
616,         Poland,Male,,   18 715.307,   18 574.061,   18 529.195,   18 483.758,   18 318.572
498,         Republic of Moldova,Both sexes combined,13,   4 201.089,   4 157.699,   4 084.481,   4 065.980,   4 017.687
498,         Republic of Moldova,Female,13,   2 190.316,   2 166.465,   2 120.759,   2 112.571,   2 094.596
498,         Republic of Moldova,Male,13,   2 010.771,   1 991.243,   1 963.731,   1 953.406,   1 923.081
642,         Romania,Both sexes combined,,   22 128.128,   21 431.018,   20 440.347,   19 876.621,   19 388.362
642,         Romania,Female,,   11 302.968,   10 985.155,   10 516.190,   10 243.414,   9 997.007
642,         Romania,Male,,   10 825.158,   10 445.870,   9 924.158,   9 633.206,   9 391.353
643,         Russian Federation,Both sexes combined,,   146 396.514,   143 618.185,   143 153.869,   143 888.004,   143 786.842
643,         Russian Federation,Female,,   77 887.024,   76 783.441,   76 765.050,   77 040.422,   76 973.140
643,         Russian Federation,Male,,   68 509.481,   66 834.749,   66 388.824,   66 847.575,   66 813.703
703,         Slovakia,Both sexes combined,,   5 399.211,   5 398.963,   5 404.294,   5 439.318,   5 451.400
703,         Slovakia,Female,,   2 777.535,   2 781.485,   2 782.960,   2 795.652,   2 801.605
703,         Slovakia,Male,,   2 621.672,   2 617.477,   2 621.333,   2 643.669,   2 649.791
804,         Ukraine,Both sexes combined,14,   48 840.074,   46 892.163,   45 792.501,   44 657.704,   43 579.234
804,         Ukraine,Female,14,   26 105.923,   25 141.857,   24 655.899,   24 020.746,   23 424.184
804,         Ukraine,Male,14,   22 734.167,   21 750.312,   21 136.606,   20 636.968,   20 155.049
924,      Northern Europe,Both sexes combined,15,   94 543.861,   96 376.906,   100 313.727,   103 097.292,   105 863.133
924,      Northern Europe,Female,15,   48 450.918,   49 216.443,   51 066.078,   52 316.912,   53 574.227
924,      Northern Europe,Male,15,   46 092.944,   47 160.456,   49 247.663,   50 780.368,   52 288.913
830,         Channel Islands,Both sexes combined,16,    148.725,    154.294,    159.581,    163.758,    167.578
830,         Channel Islands,Female,16,    76.132,    78.480,    80.575,    82.562,    84.409
830,         Channel Islands,Male,16,    72.588,    75.818,    79.009,    81.187,    83.171
208,         Denmark,Both sexes combined,,   5 341.194,   5 421.702,   5 554.844,   5 688.695,   5 796.800
208,         Denmark,Female,,   2 698.297,   2 736.374,   2 798.566,   2 859.887,   2 914.027
208,         Denmark,Male,,   2 642.895,   2 685.327,   2 756.283,   2 828.808,   2 882.770
233,         Estonia,Both sexes combined,,   1 399.112,   1 355.648,   1 332.102,   1 315.321,   1 300.559
233,         Estonia,Female,,    746.552,    725.664,    711.747,    700.141,    689.519
233,         Estonia,Male,,    652.559,    629.986,    620.356,    615.189,    611.038
234,         Faeroe Islands,Both sexes combined,,    47.258,    48.285,    48.550,    48.965,    49.896
246,         Finland,Both sexes combined,17,   5 187.954,   5 258.927,   5 365.782,   5 481.966,   5 580.127
246,         Finland,Female,17,   2 655.375,   2 684.927,   2 732.453,   2 784.128,   2 824.821
246,         Finland,Male,17,   2 532.578,   2 574.006,   2 633.331,   2 697.840,   2 755.307
352,         Iceland,Both sexes combined,,    280.435,    294.979,    320.328,    330.243,    343.228
352,         Iceland,Female,,    140.100,    147.070,    158.960,    164.552,    170.769
352,         Iceland,Male,,    140.339,    147.906,    161.382,    165.685,    172.466
372,         Ireland,Both sexes combined,,   3 848.776,   4 212.977,   4 626.928,   4 700.107,   4 887.992
372,         Ireland,Female,,   1 934.529,   2 108.641,   2 321.664,   2 368.984,   2 461.263
372,         Ireland,Male,,   1 914.257,   2 104.335,   2 305.264,   2 331.124,   2 426.727
833,         Isle of Man,Both sexes combined,,    72.554,    76.118,    80.072,    83.167,    85.895
428,         Latvia,Both sexes combined,,   2 384.163,   2 251.983,   2 118.848,   1 992.663,   1 892.993
428,         Latvia,Female,,   1 288.580,   1 219.486,   1 148.578,   1 078.099,   1 022.823
428,         Latvia,Male,,   1 095.569,   1 032.499,    970.263,    914.568,    870.170
440,         Lithuania,Both sexes combined,,   3 501.835,   3 344.252,   3 123.803,   2 931.926,   2 852.478
440,         Lithuania,Female,,   1 862.857,   1 790.673,   1 685.859,   1 581.755,   1 537.449
440,         Lithuania,Male,,   1 638.982,   1 553.570,   1 437.952,   1 350.160,   1 315.022
578,         Norway,Both sexes combined,18,   4 499.367,   4 632.364,   4 885.878,   5 199.836,   5 449.693
578,         Norway,Female,18,   2 270.364,   2 334.113,   2 443.436,   2 581.959,   2 692.982
578,         Norway,Male,18,   2 229.011,   2 298.246,   2 442.442,   2 617.868,   2 756.714
752,         Sweden,Both sexes combined,,   8 881.640,   9 038.623,   9 390.168,   9 763.565,   10 121.686
752,         Sweden,Female,,   4 489.380,   4 556.537,   4 712.987,   4 883.557,   5 047.927
752,         Sweden,Male,,   4 392.262,   4 482.090,   4 677.170,   4 880.005,   5 073.763
826,         United Kingdom,Both sexes combined,,   58 950.848,   60 286.754,   63 306.843,   65 397.080,   67 334.208
826,         United Kingdom,Female,,   30 228.530,   30 772.228,   32 207.098,   33 165.548,   34 060.685
826,         United Kingdom,Male,,   28 722.317,   29 514.523,   31 099.747,   32 231.542,   33 273.519
925,      Southern Europe,Both sexes combined,19,   145 657.350,   150 392.512,   153 943.085,   152 440.653,   151 553.054
925,      Southern Europe,Female,19,   74 477.073,   76 755.246,   78 610.153,   78 006.753,   77 453.709
925,      Southern Europe,Male,19,   71 180.288,   73 637.278,   75 332.904,   74 433.864,   74 099.365
8,         Albania,Both sexes combined,,   3 121.970,   3 079.179,   2 940.525,   2 923.352,   2 942.034
8,         Albania,Female,,   1 544.339,   1 535.172,   1 465.122,   1 447.487,   1 459.935
8,         Albania,Male,,   1 577.626,   1 544.008,   1 475.395,   1 475.867,   1 482.098
20,         Andorra,Both sexes combined,,    65.390,    78.867,    84.449,    78.014,    77.184
70,         Bosnia and Herzegovina,Both sexes combined,,   3 766.706,   3 781.530,   3 722.084,   3 535.961,   3 498.210
70,         Bosnia and Herzegovina,Female,,   1 917.112,   1 923.737,   1 894.073,   1 800.458,   1 779.585
70,         Bosnia and Herzegovina,Male,,   1 849.595,   1 857.791,   1 828.007,   1 735.497,   1 718.628
191,         Croatia,Both sexes combined,,   4 428.072,   4 378.057,   4 328.153,   4 236.016,   4 115.947
191,         Croatia,Female,,   2 296.327,   2 269.656,   2 243.454,   2 194.982,   2 130.139
191,         Croatia,Male,,   2 131.746,   2 108.401,   2 084.697,   2 041.032,   1 985.803
292,         Gibraltar,Both sexes combined,,    31.180,    32.085,    33.189,    34.228,    35.000
300,         Greece,Both sexes combined,,   11 142.119,   11 301.204,   11 446.005,   11 217.800,   11 102.572
300,         Greece,Female,,   5 602.734,   5 705.363,   5 803.902,   5 694.359,   5 639.927
300,         Greece,Male,,   5 539.395,   5 595.835,   5 642.095,   5 523.444,   5 462.640
336,         Holy See,Both sexes combined,,    0.785,    0.798,    0.794,    0.803,    0.801
380,         Italy,Both sexes combined,,   57 293.721,   58 808.483,   59 729.807,   59 504.212,   59 132.073
380,         Italy,Female,,   29 495.821,   30 196.444,   30 712.878,   30 542.539,   30 254.264
380,         Italy,Male,,   27 797.900,   28 612.037,   29 016.922,   28 961.673,   28 877.820
470,         Malta,Both sexes combined,,    396.668,    406.787,    416.110,    427.616,    434.363
470,         Malta,Female,,    199.012,    204.287,    208.949,    213.116,    216.131
470,         Malta,Male,,    197.661,    202.503,    207.165,    214.501,    218.239
499,         Montenegro,Both sexes combined,,    613.560,    616.388,    624.285,    628.178,    629.397
499,         Montenegro,Female,,    310.503,    313.508,    316.672,    318.348,    318.747
499,         Montenegro,Male,,    303.053,    302.885,    307.613,    309.829,    310.646
620,         Portugal,Both sexes combined,,   10 355.117,   10 565.723,   10 652.321,   10 418.473,   10 218.413
620,         Portugal,Female,,   5 358.266,   5 455.583,   5 552.306,   5 482.495,   5 377.790
620,         Portugal,Male,,   4 996.842,   5 110.138,   5 100.019,   4 935.968,   4 840.630
674,         San Marino,Both sexes combined,,    27.418,    29.240,    31.110,    32.960,    33.809
688,         Serbia,Both sexes combined,20,   9 487.615,   9 214.986,   9 029.716,   8 851.280,   8 703.942
688,         Serbia,Female,20,   4 831.598,   4 710.049,   4 613.525,   4 525.486,   4 451.242
688,         Serbia,Male,20,   4 656.013,   4 504.932,   4 416.196,   4 325.786,   4 252.706
705,         Slovenia,Both sexes combined,,   1 988.499,   1 996.281,   2 045.168,   2 074.788,   2 082.055
705,         Slovenia,Female,,   1 017.729,   1 021.849,   1 033.574,   1 045.458,   1 046.666
705,         Slovenia,Male,,    970.768,    974.432,   1 011.590,   1 029.329,   1 035.387
724,         Spain,Both sexes combined,21,   40 903.711,   44 042.632,   46 788.630,   46 397.664,   46 459.219
724,         Spain,Female,21,   20 826.422,   22 319.909,   23 655.836,   23 629.453,   23 661.428
724,         Spain,Male,21,   20 077.282,   21 722.725,   23 132.789,   22 768.210,   22 797.790
807,         TFYR Macedonia,Both sexes combined,22,   2 034.819,   2 060.272,   2 070.739,   2 079.308,   2 088.035
807,         TFYR Macedonia,Female,22,   1 015.481,   1 030.511,   1 036.243,   1 039.802,   1 044.498
807,         TFYR Macedonia,Male,22,   1 019.342,   1 029.767,   1 034.490,   1 039.511,   1 043.538
926,      Western Europe,Both sexes combined,23,   183 042.176,   186 009.623,   188 366.087,   192 032.306,   195 197.466
926,      Western Europe,Female,23,   93 549.727,   94 872.362,   95 877.095,   97 516.161,   98 868.746
926,      Western Europe,Male,23,   89 492.459,   91 137.301,   92 489.006,   94 516.152,   96 328.728
40,         Austria,Both sexes combined,,   8 069.276,   8 253.650,   8 409.949,   8 678.657,   8 782.210
40,         Austria,Female,,   4 152.872,   4 241.597,   4 311.303,   4 430.011,   4 467.782
40,         Austria,Male,,   3 916.404,   4 012.059,   4 098.642,   4 248.652,   4 314.430
56,         Belgium,Both sexes combined,,   10 282.033,   10 546.886,   10 938.739,   11 287.940,   11 619.972
56,         Belgium,Female,,   5 247.226,   5 372.650,   5 566.774,   5 739.297,   5 860.096
56,         Belgium,Male,,   5 034.820,   5 174.235,   5 371.961,   5 548.634,   5 759.861
250,         France,Both sexes combined,,   59 608.201,   61 233.900,   63 026.740,   64 457.201,   65 721.165
250,         France,Female,,   30 384.429,   31 193.877,   32 093.432,   32 784.443,   33 379.154
250,         France,Male,,   29 223.775,   30 040.031,   30 933.311,   31 672.756,   32 342.010
276,         Germany,Both sexes combined,,   81 487.757,   81 671.234,   80 894.785,   81 707.789,   82 540.450
276,         Germany,Female,,   41 807.312,   41 763.017,   41 238.351,   41 520.861,   41 832.094
276,         Germany,Male,,   39 680.441,   39 908.226,   39 656.447,   40 186.938,   40 708.353
438,         Liechtenstein,Both sexes combined,,    33.286,    34.852,    36.003,    37.403,    38.645
442,         Luxembourg,Both sexes combined,,    436.103,    457.842,    507.889,    566.741,    603.944
442,         Luxembourg,Female,,    221.319,    231.913,    255.593,    282.300,    300.326
442,         Luxembourg,Male,,    214.787,    225.935,    252.297,    284.441,    303.625
492,         Monaco,Both sexes combined,,    32.082,    33.793,    37.094,    38.307,    39.297
528,         Netherlands,Both sexes combined,,   15 926.188,   16 367.158,   16 682.917,   16 938.499,   17 181.248
528,         Netherlands,Female,,   8 037.448,   8 251.078,   8 398.523,   8 518.105,   8 620.322
528,         Netherlands,Male,,   7 888.740,   8 116.075,   8 284.404,   8 420.387,   8 560.930
756,         Switzerland,Both sexes combined,,   7 167.250,   7 410.308,   7 831.971,   8 319.769,   8 670.535
756,         Switzerland,Female,,   3 665.728,   3 783.161,   3 975.943,   4 202.685,   4 369.345
756,         Switzerland,Male,,   3 501.521,   3 627.162,   3 856.024,   4 117.089,   4 301.196
904,   Latin America and the Caribbean,Both sexes combined,,   525 794.973,   561 655.871,   597 561.530,   632 380.831,   664 473.538
904,   Latin America and the Caribbean,Female,,   265 308.773,   283 586.117,   301 934.996,   319 740.033,   336 193.003
904,   Latin America and the Caribbean,Male,,   260 486.199,   278 069.774,   295 626.505,   312 640.807,   328 280.513
915,      Caribbean,Both sexes combined,24,   38 403.986,   40 115.790,   41 724.731,   43 309.611,   44 679.436
915,      Caribbean,Female,24,   19 350.085,   20 230.000,   21 058.816,   21 872.432,   22 585.017
915,      Caribbean,Male,24,   19 053.906,   19 885.786,   20 665.886,   21 437.202,   22 094.377
660,         Anguilla,Both sexes combined,,    11.070,    12.638,    13.769,    14.611,    15.283
28,         Antigua and Barbuda,Both sexes combined,,    83.584,    89.253,    94.661,    99.923,    105.110
28,         Antigua and Barbuda,Female,,    44.196,    46.473,    49.287,    51.986,    54.622
28,         Antigua and Barbuda,Male,,    39.390,    42.783,    45.367,    47.940,    50.484
533,         Aruba,Both sexes combined,,    90.853,    100.031,    101.669,    104.341,    106.438
533,         Aruba,Female,,    47.019,    52.454,    53.200,    54.742,    55.965
533,         Aruba,Male,,    43.847,    47.574,    48.465,    49.597,    50.476
44,         Bahamas,Both sexes combined,,    297.890,    329.249,    360.832,    386.838,    406.839
44,         Bahamas,Female,,    152.791,    168.529,    184.441,    197.489,    207.574
44,         Bahamas,Male,,    145.096,    160.706,    176.387,    189.349,    199.261
52,         Barbados,Both sexes combined,,    269.847,    274.009,    279.569,    284.217,    287.568
52,         Barbados,Female,,    140.204,    142.479,    145.421,    148.035,    150.066
52,         Barbados,Male,,    129.632,    131.533,    134.147,    136.173,    137.497
92,         British Virgin Islands,Both sexes combined,,    20.645,    23.168,    27.224,    30.113,    32.634
535,         Caribbean Netherlands,Both sexes combined,,    14.393,    14.403,    20.940,    24.570,    26.212
136,         Cayman Islands,Both sexes combined,,    41.687,    48.622,    55.507,    59.963,    63.890
192,         Cuba,Both sexes combined,,   11 150.736,   11 284.253,   11 333.051,   11 461.432,   11 495.492
192,         Cuba,Female,,   5 556.416,   5 623.520,   5 655.069,   5 726.255,   5 747.644
192,         Cuba,Male,,   5 594.314,   5 660.732,   5 677.985,   5 735.179,   5 747.835
531,         Curaçao,Both sexes combined,,    132.099,    129.394,    147.608,    158.010,    163.495
531,         Curaçao,Female,,    70.077,    68.777,    79.864,    85.717,    88.334
531,         Curaçao,Male,,    62.025,    60.628,    67.741,    72.290,    75.166
212,         Dominica,Both sexes combined,,    69.676,    70.627,    71.440,    73.162,    75.052
214,         Dominican Republic,Both sexes combined,,   8 562.622,   9 237.566,   9 897.985,   10 528.394,   11 108.358
214,         Dominican Republic,Female,,   4 271.359,   4 617.725,   4 957.255,   5 282.297,   5 582.566
214,         Dominican Republic,Male,,   4 291.265,   4 619.835,   4 940.721,   5 246.102,   5 525.792
308,         Grenada,Both sexes combined,,    101.619,    102.949,    104.677,    106.823,    109.308
308,         Grenada,Female,,    51.377,    51.774,    52.380,    53.243,    54.337
308,         Grenada,Male,,    50.245,    51.178,    52.296,    53.584,    54.976
312,         Guadeloupe,Both sexes combined,25,    424.646,    439.552,    450.718,    450.418,    448.427
312,         Guadeloupe,Female,25,    220.123,    226.379,    240.469,    241.376,    241.141
312,         Guadeloupe,Male,25,    204.526,    213.177,    210.242,    209.035,    207.292
332,         Haiti,Both sexes combined,,   8 549.200,   9 263.404,   9 999.617,   10 711.061,   11 371.185
332,         Haiti,Female,,   4 327.906,   4 686.363,   5 056.431,   5 413.644,   5 751.340
332,         Haiti,Male,,   4 221.290,   4 577.045,   4 943.177,   5 297.427,   5 619.852
388,         Jamaica,Both sexes combined,,   2 656.864,   2 744.673,   2 817.210,   2 871.934,   2 913.160
388,         Jamaica,Female,,   1 336.798,   1 386.363,   1 418.292,   1 442.879,   1 464.472
388,         Jamaica,Male,,   1 320.061,   1 358.299,   1 398.927,   1 429.046,   1 448.695
474,         Martinique,Both sexes combined,,    387.004,    397.047,    394.910,    385.842,    385.457
474,         Martinique,Female,,    205.230,    211.978,    212.554,    209.792,    210.495
474,         Martinique,Male,,    181.786,    185.069,    182.361,    176.055,    174.964
500,         Montserrat,Both sexes combined,,    4.955,    4.778,    4.944,    5.124,    5.243
630,         Puerto Rico,Both sexes combined,,   3 796.977,   3 765.399,   3 716.693,   3 673.728,   3 650.608
630,         Puerto Rico,Female,,   1 969.440,   1 957.626,   1 930.540,   1 908.028,   1 895.153
630,         Puerto Rico,Male,,   1 827.540,   1 807.776,   1 786.149,   1 765.703,   1 755.452
659,         Saint Kitts and Nevis,Both sexes combined,,    45.374,    48.611,    51.445,    54.288,    56.813
662,         Saint Lucia,Both sexes combined,,    156.949,    163.714,    172.580,    177.206,    181.203
662,         Saint Lucia,Female,,    80.086,    83.616,    87.890,    90.395,    92.574
662,         Saint Lucia,Male,,    76.859,    80.094,    84.684,    86.812,    88.623
670,         Saint Vincent and the Grenadines,Both sexes combined,,    107.898,    108.744,    109.315,    109.455,    110.757
670,         Saint Vincent and the Grenadines,Female,,    53.568,    53.835,    54.112,    54.234,    54.964
670,         Saint Vincent and the Grenadines,Male,,    54.332,    54.916,    55.198,    55.226,    55.800
534,         Sint Maarten (Dutch part),Both sexes combined,,    31.819,    32.531,    33.124,    38.750,    41.364
780,         Trinidad and Tobago,Both sexes combined,,   1 267.984,   1 296.934,   1 328.100,   1 360.092,   1 377.729
780,         Trinidad and Tobago,Female,,    637.370,    654.002,    670.815,    689.005,    700.876
780,         Trinidad and Tobago,Male,,    630.611,    642.930,    657.278,    671.085,    676.850
796,         Turks and Caicos Islands,Both sexes combined,,    18.873,    26.448,    30.994,    34.339,    36.953
850,         United States Virgin Islands,Both sexes combined,,    108.722,    107.793,    106.149,    104.977,    104.858
850,         United States Virgin Islands,Female,,    56.229,    55.714,    55.348,    54.900,    54.935
850,         United States Virgin Islands,Male,,    52.501,    52.086,    50.800,    50.075,    49.915
916,      Central America,Both sexes combined,,   137 992.226,   148 211.558,   160 556.595,   172 635.109,   184 127.254
916,      Central America,Female,,   69 588.479,   74 691.232,   80 885.847,   86 952.665,   92 732.781
916,      Central America,Male,,   68 403.722,   73 520.320,   79 670.744,   85 682.420,   91 394.463
84,         Belize,Both sexes combined,,    247.315,    283.277,    321.608,    359.288,    398.007
84,         Belize,Female,,    122.794,    140.951,    160.738,    180.181,    200.205
84,         Belize,Male,,    124.516,    142.333,    160.868,    179.106,    197.794
188,         Costa Rica,Both sexes combined,,   3 925.443,   4 247.841,   4 545.280,   4 807.852,   5 044.179
188,         Costa Rica,Female,,   1 955.051,   2 117.986,   2 268.445,   2 402.300,   2 522.716
188,         Costa Rica,Male,,   1 970.393,   2 129.856,   2 276.833,   2 405.543,   2 521.464
222,         El Salvador,Both sexes combined,,   5 867.626,   6 028.961,   6 164.626,   6 312.478,   6 479.066
222,         El Salvador,Female,,   3 040.182,   3 150.607,   3 246.088,   3 342.508,   3 443.121
222,         El Salvador,Male,,   2 827.449,   2 878.346,   2 918.538,   2 969.971,   3 035.939
320,         Guatemala,Both sexes combined,,   11 650.743,   13 096.028,   14 630.417,   16 252.429,   17 910.812
320,         Guatemala,Female,,   5 934.007,   6 673.511,   7 444.184,   8 257.425,   9 090.066
320,         Guatemala,Male,,   5 716.737,   6 422.517,   7 186.236,   7 995.000,   8 820.741
340,         Honduras,Both sexes combined,,   6 524.283,   7 373.430,   8 194.778,   8 960.829,   9 719.265
340,         Honduras,Female,,   3 280.385,   3 703.204,   4 111.848,   4 493.630,   4 872.455
340,         Honduras,Male,,   3 243.899,   3 670.226,   4 082.934,   4 467.193,   4 846.811
484,         Mexico,Both sexes combined,,   101 719.673,   108 472.228,   117 318.941,   125 890.949,   133 870.027
484,         Mexico,Female,,   51 213.048,   54 526.576,   58 930.623,   63 213.534,   67 209.795
484,         Mexico,Male,,   50 506.620,   53 945.653,   58 388.317,   62 677.416,   66 660.242
558,         Nicaragua,Both sexes combined,,   5 026.796,   5 379.328,   5 737.723,   6 082.035,   6 416.568
558,         Nicaragua,Female,,   2 539.701,   2 723.934,   2 910.867,   3 084.060,   3 252.573
558,         Nicaragua,Male,,   2 487.083,   2 655.387,   2 826.852,   2 997.971,   3 163.996
591,         Panama,Both sexes combined,,   3 030.347,   3 330.465,   3 643.222,   3 969.249,   4 289.330
591,         Panama,Female,,   1 503.311,   1 654.463,   1 813.054,   1 979.027,   2 141.850
591,         Panama,Male,,   1 527.025,   1 676.002,   1 830.166,   1 990.220,   2 147.476
931,      South America,Both sexes combined,26,   349 398.761,   373 328.523,   395 280.204,   416 436.111,   435 666.848
931,      South America,Female,26,   176 370.209,   188 664.885,   199 990.333,   210 914.936,   220 875.205
931,      South America,Male,26,   173 028.571,   184 663.668,   195 289.875,   205 521.185,   214 791.673
32,         Argentina,Both sexes combined,,   37 057.452,   39 145.488,   41 223.889,   43 417.765,   45 510.399
32,         Argentina,Female,,   18 926.128,   19 996.583,   21 060.099,   22 172.550,   23 227.062
32,         Argentina,Male,,   18 131.323,   19 148.910,   20 163.796,   21 245.214,   22 283.350
68,         Bolivia (Plurinational State of),Both sexes combined,,   8 339.512,   9 125.409,   9 918.242,   10 724.705,   11 543.982
68,         Bolivia (Plurinational State of),Female,,   4 158.056,   4 550.477,   4 947.772,   5 353.993,   5 767.575
68,         Bolivia (Plurinational State of),Male,,   4 181.464,   4 574.929,   4 970.472,   5 370.710,   5 776.405
76,         Brazil,Both sexes combined,,   175 287.587,   186 917.361,   196 796.269,   205 962.108,   213 863.046
76,         Brazil,Female,,   88 664.347,   94 692.614,   99 864.355,   104 678.403,   108 856.075
76,         Brazil,Male,,   86 623.241,   92 224.756,   96 931.916,   101 283.709,   105 006.976
152,         Chile,Both sexes combined,,   15 262.754,   16 147.064,   16 993.354,   17 762.681,   18 472.639
152,         Chile,Female,,   7 716.710,   8 159.812,   8 583.039,   8 966.171,   9 317.343
152,         Chile,Male,,   7 546.045,   7 987.254,   8 410.312,   8 796.512,   9 155.299
170,         Colombia,Both sexes combined,,   40 403.958,   43 285.634,   45 918.097,   48 228.697,   50 220.412
170,         Colombia,Female,,   20 423.033,   21 909.657,   23 277.207,   24 485.169,   25 536.513
170,         Colombia,Male,,   19 980.925,   21 375.978,   22 640.901,   23 743.535,   24 683.893
218,         Ecuador,Both sexes combined,,   12 628.596,   13 735.233,   14 934.690,   16 144.368,   17 335.642
218,         Ecuador,Female,,   6 297.391,   6 856.562,   7 462.396,   8 073.297,   8 675.318
218,         Ecuador,Male,,   6 331.205,   6 878.670,   7 472.290,   8 071.060,   8 660.324
238,         Falkland Islands (Malvinas),Both sexes combined,,    2.882,    2.939,    2.852,    2.898,    2.925
254,         French Guiana,Both sexes combined,,    163.165,    203.826,    234.181,    268.691,    303.982
254,         French Guiana,Female,,    78.941,    102.865,    117.138,    134.375,    151.995
254,         French Guiana,Male,,    84.222,    100.964,    117.030,    134.315,    151.985
328,         Guyana,Both sexes combined,,    753.301,    750.946,    746.556,    768.514,    790.782
328,         Guyana,Female,,    378.784,    374.703,    373.096,    381.464,    390.479
328,         Guyana,Male,,    374.513,    376.240,    373.463,    387.050,    400.299
600,         Paraguay,Both sexes combined,,   5 302.700,   5 795.494,   6 209.877,   6 639.119,   7 066.330
600,         Paraguay,Female,,   2 619.221,   2 860.748,   3 059.482,   3 269.997,   3 485.637
600,         Paraguay,Male,,   2 683.484,   2 934.745,   3 150.390,   3 369.124,   3 580.692
604,         Peru,Both sexes combined,,   25 914.879,   27 610.410,   29 373.646,   31 376.671,   33 312.178
604,         Peru,Female,,   12 964.039,   13 814.102,   14 697.919,   15 703.566,   16 678.247
604,         Peru,Male,,   12 950.839,   13 796.304,   14 675.720,   15 673.112,   16 633.934
740,         Suriname,Both sexes combined,,    472.390,    498.946,    526.103,    553.208,    577.752
740,         Suriname,Female,,    234.066,    247.646,    261.538,    275.410,    288.120
740,         Suriname,Male,,    238.329,    251.306,    264.557,    277.794,    289.639
858,         Uruguay,Both sexes combined,,   3 321.245,   3 325.612,   3 374.415,   3 431.552,   3 494.387
858,         Uruguay,Female,,   1 713.808,   1 720.425,   1 747.221,   1 775.155,   1 803.863
858,         Uruguay,Male,,   1 607.436,   1 605.187,   1 627.196,   1 656.400,   1 690.523
862,         Venezuela (Bolivarian Republic of),Both sexes combined,,   24 488.340,   26 784.161,   29 028.033,   31 155.134,   33 172.392
862,         Venezuela (Bolivarian Republic of),Female,,   12 194.220,   13 377.195,   14 537.620,   15 643.911,   16 695.488
862,         Venezuela (Bolivarian Republic of),Male,,   12 294.127,   13 406.970,   14 490.428,   15 511.223,   16 476.913
905,   Northern America,Both sexes combined,27,   312 845.026,   327 545.823,   342 936.927,   356 003.541,   369 158.557
905,   Northern America,Female,27,   158 672.285,   165 842.364,   173 473.003,   179 839.661,   186 275.057
905,   Northern America,Male,27,   154 172.743,   161 703.447,   169 463.928,   176 163.875,   182 883.513
60,      Bermuda,Both sexes combined,,    64.028,    65.130,    63.956,    62.003,    60.639
124,      Canada,Both sexes combined,,   30 735.773,   32 287.980,   34 168.668,   35 949.709,   37 603.205
124,      Canada,Female,,   15 510.713,   16 281.563,   17 216.375,   18 117.423,   18 932.578
124,      Canada,Male,,   15 225.062,   16 006.416,   16 952.293,   17 832.283,   18 670.638
304,      Greenland,Both sexes combined,,    56.175,    56.951,    56.638,    56.377,    56.772
666,      Saint Pierre and Miquelon,Both sexes combined,,    6.272,    6.261,    6.274,    6.290,    6.407
840,      United States of America,Both sexes combined,,   281 982.778,   295 129.501,   308 641.391,   319 929.162,   331 431.534
840,      United States of America,Female,,   143 099.301,   149 497.532,   156 193.735,   161 660.310,   167 280.733
840,      United States of America,Male,,   138 883.472,   145 631.973,   152 447.660,   158 268.854,   164 150.794
909,   Oceania,Both sexes combined,,   31 229.422,   33 567.637,   36 635.566,   39 542.980,   42 383.789
909,   Oceania,Female,,   15 601.664,   16 767.260,   18 269.466,   19 755.555,   21 180.537
909,   Oceania,Male,,   15 627.763,   16 800.373,   18 366.099,   19 787.350,   21 203.202
927,      Australia/New Zealand,Both sexes combined,,   22 924.836,   24 374.258,   26 490.126,   28 414.088,   30 232.597
927,      Australia/New Zealand,Female,,   11 519.327,   12 247.743,   13 282.946,   14 283.492,   15 202.262
927,      Australia/New Zealand,Male,,   11 405.508,   12 126.511,   13 207.175,   14 130.581,   15 030.338
36,         Australia,Both sexes combined,28,   19 065.837,   20 238.903,   22 120.064,   23 799.556,   25 398.177
36,         Australia,Female,28,   9 554.318,   10 138.138,   11 058.649,   11 937.926,   12 744.846
36,         Australia,Male,28,   9 511.525,   10 100.763,   11 061.412,   11 861.620,   12 653.333
554,         New Zealand,Both sexes combined,,   3 858.999,   4 135.355,   4 370.062,   4 614.532,   4 834.420
554,         New Zealand,Female,,   1 965.009,   2 109.605,   2 224.297,   2 345.566,   2 457.416
554,         New Zealand,Male,,   1 893.983,   2 025.748,   2 145.763,   2 268.961,   2 377.005
928,      Melanesia,Both sexes combined,,   7 193.988,   8 048.467,   8 983.311,   9 933.150,   10 908.734
928,      Melanesia,Female,,   3 536.269,   3 955.564,   4 413.937,   4 882.235,   5 364.570
928,      Melanesia,Male,,   3 657.720,   4 092.919,   4 569.398,   5 050.904,   5 544.157
242,         Fiji,Both sexes combined,,    811.223,    821.817,    859.950,    892.149,    924.915
242,         Fiji,Female,,    399.206,    402.775,    421.032,    438.516,    456.462
242,         Fiji,Male,,    412.022,    419.049,    438.922,    453.628,    468.456
540,         New Caledonia,Both sexes combined,,    212.871,    232.686,    251.037,    269.091,    286.913
540,         New Caledonia,Female,,    105.071,    115.683,    123.692,    133.270,    142.684
540,         New Caledonia,Male,,    107.803,    117.002,    127.335,    135.820,    144.221
598,         Papua New Guinea,Both sexes combined,,   5 572.222,   6 314.709,   7 108.239,   7 919.825,   8 755.675
598,         Papua New Guinea,Female,,   2 741.051,   3 104.704,   3 493.248,   3 891.001,   4 301.772
598,         Papua New Guinea,Male,,   2 831.171,   3 210.005,   3 615.000,   4 028.825,   4 453.904
90,         Solomon Islands,Both sexes combined,,    412.609,    469.885,    527.790,    587.482,    647.297
90,         Solomon Islands,Female,,    200.523,    229.826,    259.625,    288.852,    318.258
90,         Solomon Islands,Male,,    212.085,    240.062,    268.171,    298.624,    329.036
548,         Vanuatu,Both sexes combined,,    185.063,    209.370,    236.295,    264.603,    293.934
548,         Vanuatu,Female,,    90.418,    102.576,    116.340,    130.596,    145.394
548,         Vanuatu,Male,,    94.639,    106.801,    119.970,    134.007,    148.540
954,      Micronesia,Both sexes combined,29,    497.632,    502.742,    503.056,    518.995,    541.207
954,      Micronesia,Female,29,    248.308,    250.175,    249.452,    257.414,    268.670
954,      Micronesia,Male,29,    249.315,    252.564,    253.593,    261.563,    272.537
316,         Guam,Both sexes combined,,    155.329,    158.402,    159.444,    161.797,    168.727
316,         Guam,Female,,    75.896,    77.658,    78.416,    79.804,    83.363
316,         Guam,Male,,    79.427,    80.748,    81.023,    81.994,    85.366
296,         Kiribati,Both sexes combined,,    84.406,    92.325,    102.652,    112.407,    122.439
296,         Kiribati,Female,,    42.816,    46.836,    52.117,    56.998,    62.071
296,         Kiribati,Male,,    41.595,    45.490,    50.529,    55.412,    60.366
584,         Marshall Islands,Both sexes combined,,    52.159,    52.055,    52.425,    52.994,    53.251
583,         Micronesia (Fed. States of),Both sexes combined,,    107.432,    106.196,    103.616,    104.433,    107.774
583,         Micronesia (Fed. States of),Female,,    53.047,    52.228,    50.718,    50.946,    52.496
583,         Micronesia (Fed. States of),Male,,    54.379,    53.967,    52.901,    53.481,    55.284
520,         Nauru,Both sexes combined,,    10.037,    10.114,    10.025,    11.260,    11.227
580,         Northern Mariana Islands,Both sexes combined,,    69.094,    63.744,    54.424,    54.816,    55.347
585,         Palau,Both sexes combined,,    19.175,    19.906,    20.470,    21.288,    22.442
957,      Polynesia,Both sexes combined,30,    612.966,    642.170,    659.073,    676.747,    701.251
957,      Polynesia,Female,30,    297.760,    313.778,    323.131,    332.414,    345.035
957,      Polynesia,Male,30,    315.220,    328.379,    335.933,    344.302,    356.170
16,         American Samoa,Both sexes combined,,    57.521,    59.118,    55.637,    55.537,    55.799
184,         Cook Islands,Both sexes combined,,    18.122,    19.710,    18.545,    17.449,    17.515
258,         French Polynesia,Both sexes combined,,    237.258,    254.886,    267.820,    277.690,    290.744
258,         French Polynesia,Female,,    115.117,    124.149,    130.823,    136.111,    142.967
258,         French Polynesia,Male,,    122.144,    130.727,    136.993,    141.575,    147.774
570,         Niue,Both sexes combined,,    1.899,    1.683,    1.630,    1.629,    1.632
882,         Samoa,Both sexes combined,,    174.610,    179.929,    186.205,    193.759,    200.117
882,         Samoa,Female,,    83.685,    86.735,    90.154,    93.802,    96.840
882,         Samoa,Male,,    90.932,    93.189,    96.051,    99.946,    103.270
772,         Tokelau,Both sexes combined,,    1.554,    1.208,    1.140,    1.252,    1.357
776,         Tonga,Both sexes combined,,    98.082,    101.041,    104.137,    106.364,    111.037
776,         Tonga,Female,,    48.198,    50.370,    51.981,    53.034,    55.303
776,         Tonga,Male,,    49.886,    50.671,    52.153,    53.334,    55.727
798,         Tuvalu,Both sexes combined,,    9.420,    10.027,    10.531,    11.001,    11.499
876,         Wallis and Futuna Islands,Both sexes combined,,    14.500,    14.568,    13.428,    12.066,    11.551
